{"ENXERGAR": [-1305.2640906083457, -1300.053153670075], "MORTADELA": [-1424.318239940083, -1362.1030249201274], "RETROGRADO": [-1325.1169938446815, -1299.1483200843288], "BRINCADEIRAS": [-1429.2858722491442, -1423.1875988165002], "CEREBRO": [-1318.0941526737392, -1288.863861420582]}